#{"t_start": 1768211215.1630359, "env_id": "Pendulum-v1"}
r,l,t
-0.204385,200,1.027775
-122.332378,200,1.065951
-115.781687,200,1.102632
-119.206432,200,1.139096
-122.865524,200,1.176038
